State,City
Acre,Rio Branco
Alagoas,Arapiraca
Alagoas,Maceio
Amapa,Macapa
Amapa,Santana
Amazonas,Itacoatiara
Amazonas,Manaus
Amazonas,Parintins
Bahia,Alagoinhas
Bahia,Barreiras
Bahia,Camacari
Bahia,Eunapolis
Bahia,Feira de Santana
Bahia,Ilheus
Bahia,Itabuna
Bahia,Jequie
Bahia,Juazeiro
Bahia,Lauro de Freitas
Bahia,Paulo Afonso
Bahia,Porto Seguro
Bahia,Salvador
Bahia,Santo Antonio de Jesus
Bahia,Simoes Filho
Bahia,Teixeira de Freitas
Bahia,Vitoria da Conquista
Ceara,Caucaia
Ceara,Crato
Ceara,Fortaleza
Ceara,Iguatu
Ceara,Itapipoca
Ceara,Juazeiro do Norte
Ceara,Maracanau
Ceara,Maranguape
Ceara,Sobral
Distrito Federal,Brasilia
Espirito Santo,Aracruz
Espirito Santo,Cachoeiro de Itapemirim
Espirito Santo,Cariacica
Espirito Santo,Colatina
Espirito Santo,Guarapari
Espirito Santo,Linhares
Espirito Santo,Sao Mateus
Espirito Santo,Serra
Espirito Santo,Vila Velha
Espirito Santo,Vitoria
Goias,Aguas Lindas de Goias
Goias,Anapolis
Goias,Aparecida de Goiania
Goias,Catalao
Goias,Formosa
Goias,Goiania
Goias,Itumbiara
Goias,Jatai
Goias,Luziania
Goias,Novo Gama
Goias,Rio Verde
Goias,Senador Canedo
Goias,Trindade
Goias,Valparaiso de Goias
Maranhao,Acailandia
Maranhao,Bacabal
Maranhao,Caxias
Maranhao,Codo
Maranhao,Imperatriz
Maranhao,Paco do Lumiar
Maranhao,Sao Jose de Ribamar
Maranhao,Sao Luis
Maranhao,Timon
Mato Grosso,Cuiaba
Mato Grosso,Rondonopolis
Mato Grosso,Sinop
Mato Grosso,Tangara da Serra
Mato Grosso,Varzea Grande
Mato Grosso do Sul,Campo Grande
Mato Grosso do Sul,Corumba
Mato Grosso do Sul,Dourados
Mato Grosso do Sul,Tres Lagoas
Minas Gerais,Araguari
Minas Gerais,Araxa
Minas Gerais,Barbacena
Minas Gerais,Belo Horizonte
Minas Gerais,Betim
Minas Gerais,Conselheiro Lafaiete
Minas Gerais,Contagem
Minas Gerais,Coronel Fabriciano
Minas Gerais,Divinopolis
Minas Gerais,Governador Valadares
Minas Gerais,Ibirite
Minas Gerais,Ipatinga
Minas Gerais,Itabira
Minas Gerais,Ituiutaba
Minas Gerais,Juiz de Fora
Minas Gerais,Lavras
Minas Gerais,Montes Claros
Minas Gerais,Muriae
Minas Gerais,Nova Serrana
Minas Gerais,Passos
Minas Gerais,Patos de Minas
Minas Gerais,Pocos de Caldas
Minas Gerais,Pouso Alegre
Minas Gerais,Ribeirao das Neves
Minas Gerais,Sabara
Minas Gerais,Santa Luzia
Minas Gerais,Sete Lagoas
Minas Gerais,Teofilo Otoni
Minas Gerais,Uba
Minas Gerais,Uberaba
Minas Gerais,Uberlandia
Minas Gerais,Varginha
Minas Gerais,Vespasiano
Para,Abaetetuba
Para,Altamira
Para,Ananindeua
Para,Barcarena
Para,Belem
Para,Braganca
Para,Breves
Para,Cameta
Para,Castanhal
Para,Itaituba
Para,Maraba
Para,Marituba
Para,Paragominas
Para,Parauapebas
Para,Santarem
Para,Sao Felix do Xingu
Para,Tailandia
Para,Tucurui
Paraiba,Campina Grande
Paraiba,Joao Pessoa
Paraiba,Patos
Paraiba,Santa Rita
Parana,Almirante Tamandare
Parana,Apucarana
Parana,Arapongas
Parana,Araucaria
Parana,Cambe
Parana,Campo Largo
Parana,Cascavel
Parana,Colombo
Parana,Curitiba
Parana,Fazenda Rio Grande
Parana,Foz do Iguacu
Parana,Guarapuava
Parana,Londrina
Parana,Maringa
Parana,Paranagua
Parana,Pinhais
Parana,Piraquara
Parana,Ponta Grossa
Parana,Sao Jose dos Pinhais
Parana,Toledo
Parana,Umuarama
Pernambuco,Abreu e Lima
Pernambuco,Cabo de Santo Agostinho
Pernambuco,Camaragibe
Pernambuco,Caruaru
Pernambuco,Garanhuns
Pernambuco,Igarassu
Pernambuco,Jaboatao dos Guararapes
Pernambuco,Olinda
Pernambuco,Paulista
Pernambuco,Petrolina
Pernambuco,Recife
Pernambuco,Santa Cruz do Capibaribe
Pernambuco,Sao Lourenco da Mata
Pernambuco,Vitoria de Santo Antao
Piaui,Parnaiba
Piaui,Teresina
Rio de Janeiro,Angra dos Reis
Rio de Janeiro,Araruama
Rio de Janeiro,Barra do Pirai
Rio de Janeiro,Barra Mansa
Rio de Janeiro,Belford Roxo
Rio de Janeiro,Cabo Frio
Rio de Janeiro,Campos dos Goytacazes
Rio de Janeiro,Duque de Caxias
Rio de Janeiro,Itaborai
Rio de Janeiro,Itaguai
Rio de Janeiro,Itaperuna
Rio de Janeiro,Japeri
Rio de Janeiro,Macae
Rio de Janeiro,Mage
Rio de Janeiro,Marica
Rio de Janeiro,Mesquita
Rio de Janeiro,Nilopolis
Rio de Janeiro,Niteroi
Rio de Janeiro,Nova Friburgo
Rio de Janeiro,Nova Iguacu
Rio de Janeiro,Petropolis
Rio de Janeiro,Queimados
Rio de Janeiro,Resende
Rio de Janeiro,Rio das Ostras
Rio de Janeiro,Rio de Janeiro
Rio de Janeiro,Sao Goncalo
Rio de Janeiro,Sao Joao de Meriti
Rio de Janeiro,Sao Pedro da Aldeia
Rio de Janeiro,Teresopolis
Rio de Janeiro,Volta Redonda
Rio Grande do Norte,Mossoro
Rio Grande do Norte,Natal
Rio Grande do Norte,Parnamirim
Rio Grande do Norte,Sao Goncalo do Amarante
Rio Grande do Sul,Alvorada
Rio Grande do Sul,Bage
Rio Grande do Sul,Bento Goncalves
Rio Grande do Sul,Cachoeirinha
Rio Grande do Sul,Canoas
Rio Grande do Sul,Caxias do Sul
Rio Grande do Sul,Erechim
Rio Grande do Sul,Gravatai
Rio Grande do Sul,Novo Hamburgo
Rio Grande do Sul,Passo Fundo
Rio Grande do Sul,Pelotas
Rio Grande do Sul,Porto Alegre
Rio Grande do Sul,Rio Grande
Rio Grande do Sul,Santa Cruz do Sul
Rio Grande do Sul,Santa Maria
Rio Grande do Sul,Sao Leopoldo
Rio Grande do Sul,Sapucaia do Sul
Rio Grande do Sul,Uruguaiana
Rio Grande do Sul,Viamao
Rondonia,Ariquemes
Rondonia,Ji-Parana
Rondonia,Porto Velho
Rondonia,Vilhena
Roraima,Boa Vista
Santa Catarina,Balneario Camboriu
Santa Catarina,Blumenau
Santa Catarina,Brusque
Santa Catarina,Chapeco
Santa Catarina,Criciuma
Santa Catarina,Florianopolis
Santa Catarina,Itajai
Santa Catarina,Jaragua do Sul
Santa Catarina,Joinville
Santa Catarina,Lages
Santa Catarina,Palhoca
Santa Catarina,Sao Jose
Santa Catarina,Tubarao
Sao Paulo,Americana
Sao Paulo,Aracatuba
Sao Paulo,Araraquara
Sao Paulo,Araras
Sao Paulo,Assis
Sao Paulo,Atibaia
Sao Paulo,Barretos
Sao Paulo,Barueri
Sao Paulo,Bauru
Sao Paulo,Birigui
Sao Paulo,Botucatu
Sao Paulo,Braganca Paulista
Sao Paulo,Caieiras
Sao Paulo,Campinas
Sao Paulo,Caraguatatuba
Sao Paulo,Carapicuiba
Sao Paulo,Catanduva
Sao Paulo,Cotia
Sao Paulo,Cubatao
Sao Paulo,Diadema
Sao Paulo,Embu das Artes
Sao Paulo,Ferraz de Vasconcelos
Sao Paulo,Franca
Sao Paulo,Francisco Morato
Sao Paulo,Franco da Rocha
Sao Paulo,Guaratingueta
Sao Paulo,Guaruja
Sao Paulo,Guarulhos
Sao Paulo,Hortolandia
Sao Paulo,Indaiatuba
Sao Paulo,Itanhaem
Sao Paulo,Itapecerica da Serra
Sao Paulo,Itapetininga
Sao Paulo,Itapevi
Sao Paulo,Itaquaquecetuba
Sao Paulo,Itatiba
Sao Paulo,Itu
Sao Paulo,Jacarei
Sao Paulo,Jandira
Sao Paulo,Jau
Sao Paulo,Jundiai
Sao Paulo,Leme
Sao Paulo,Limeira
Sao Paulo,Mairipora
Sao Paulo,Marilia
Sao Paulo,Maua
Sao Paulo,Mogi das Cruzes
Sao Paulo,Mogi Guacu
Sao Paulo,Osasco
Sao Paulo,Ourinhos
Sao Paulo,Paulinia
Sao Paulo,Pindamonhangaba
Sao Paulo,Piracicaba
Sao Paulo,Poa
Sao Paulo,Praia Grande
Sao Paulo,Presidente Prudente
Sao Paulo,Ribeirao Pires
Sao Paulo,Ribeirao Preto
Sao Paulo,Rio Claro
Sao Paulo,Salto
Sao Paulo,Santa Barbara d'Oeste
Sao Paulo,Santana de Parnaiba
Sao Paulo,Santo Andre
Sao Paulo,Santos
Sao Paulo,Sao Bernardo do Campo
Sao Paulo,Sao Caetano do Sul
Sao Paulo,Sao Carlos
Sao Paulo,Sao Jose do Rio Preto
Sao Paulo,Sao Jose dos Campos
Sao Paulo,Sao Paulo
Sao Paulo,Sao Vicente
Sao Paulo,Sertaozinho
Sao Paulo,Sorocaba
Sao Paulo,Sumare
Sao Paulo,Suzano
Sao Paulo,Taboao da Serra
Sao Paulo,Tatui
Sao Paulo,Taubate
Sao Paulo,Valinhos
Sao Paulo,Varzea Paulista
Sao Paulo,Votorantim
Sergipe,Aracaju
Sergipe,Lagarto
Sergipe,Nossa Senhora do Socorro
Tocantins,Araguaina
Tocantins,Palmas
